id,category,score_1_3,score_4_6,score_7_8,score_9_10
1,Premium Admin Visual Quality,Layout is broken or unrecognizable as admin UI; no cards; random spacing,Cards present but inconsistent; spacing varies; some hierarchy; looks like generic MUI,Clean card hierarchy; consistent spacing; feels like admin panel; status chips styled,Premium Enterprise admin feel; balanced rhythm; excellent hierarchy; polished status and actions; visually cohesive
2,MUI Architecture Quality,No typed props; inline everything; no reusable components; raw MUI dumped,Some abstractions; partial types; mixed patterns; inconsistent API surfaces,Good component boundaries; typed props; consistent Form/Table patterns; token usage,Excellent architecture; predictable APIs; disciplined abstractions; token-first; fully typed
3,Component Reusability,Everything inline; copy-paste patterns; no shared UI primitives,Some shared components but inconsistent props; magic numbers; hardcoded text,Reusable PageLayout Card Table Form primitives; configurable via props,Highly reusable system; composable patterns; design-token driven; minimal duplication
4,Form Quality,No validation; no loading; no feedback; inline styles; missing labels,Basic validation; some feedback; inconsistent layout; partial loading state,Full typed Form; validation rules; helper text; dirty guard; responsive grid,Enterprise form discipline; accessible labels; clear errors; submit loading; cancel/reset; sectioned layout
5,Table Quality,No pagination; no sorting; no rowKey; no empty state; inline columns,Basic table with some features; missing loading or error state; hardcoded columns,Typed columns; loading/empty/error; pagination; sorting; row actions; responsive plan,Production table standard; server-side ready; accessible headers; status tags; formatted values; bulk actions
6,State Handling,Local state chaos; no loading states; no error boundaries; race conditions,Some state management; inconsistent loading; partial error handling,Consistent loading/error/empty; predictable state flow; form dirty tracking,Robust state discipline; optimistic updates where needed; clear state machines; no race conditions
7,Responsiveness,Broken on mobile; horizontal overflow; unreadable text; no breakpoints,Partial responsiveness; some overflow issues; cramped on tablet,Responsive grid; readable on mobile; drawers for filters; tables scroll or stack,Fully responsive; mobile-first considerations; adaptive navigation; touch-friendly targets
8,Accessibility,Major a11y violations; no labels; no focus management; poor contrast,Some labels; partial focus management; mixed contrast,Accessible forms and tables; focus management in modals/drawers; semantic HTML,WCAG-aligned; keyboard navigable; screen-reader friendly; color not sole indicator; focus visible
9,Maintainability,Spaghetti code; magic numbers; no types; impossible to refactor,Some types; mixed conventions; hard to extend,Clear conventions; typed; reusable; documented patterns,Exceptionally maintainable; self-documenting; minimal tech debt; easy to extend
10,Production Readiness,Crashes; no error handling; insecure; unresponsive UI,Basic error handling; some edge cases covered; mostly stable,Handles errors gracefully; loading states; validation; stable UX,Enterprise production grade; resilient; performant; secure; monitored
